species,spawn_yr,origin,estimate,lower95ci,upper95ci,mean,sd
Chinook,2025,Hatchery Clip,46832,43543,49911,46785.62828207052,1599.1663853329383
Chinook,2025,Hatchery No-Clip,4321,3950,4665,4324.008627156789,185.279733252576
Chinook,2025,Natural,10170,9492,10841,10168.101650412604,348.1866891940077
Chinook,2025,Total,61348.5,57132,64854,61278.42966991748,1943.2912379795248
