species,spawn_yr,origin,estimate,lower95ci,upper95ci,mean,sd
Steelhead,2025,Hatchery Clip,75724.5,70059,81054,75844.14778694673,2624.6606120355145
Steelhead,2025,Hatchery No-Clip,10042,9166,11058,10061.230682670668,485.83728126220376
Steelhead,2025,Natural,21151,19732,22717,21185.15378844711,761.3942770666058
Steelhead,2025,Total,106944,100184,114756,107091.19542385597,3530.654042285129
