species,spawn_yr,origin,estimate,lower95ci,upper95ci,mean,sd
Steelhead,2010,Hatchery Clip,262843,247769,282714,263964.8068267067,9361.170711250179
Steelhead,2010,Hatchery No-Clip,35291.5,32998,37999,35435.96024006001,1306.5379687594077
Steelhead,2010,Natural,44672,41944,48324,44826.035633908476,1670.9133431579246
Steelhead,2010,Total,342672.5,324050,368271,344226.7740060015,11928.429504646565
